{
  "$schema": "http://json-schema.org/draft-07/schema",
  "title": "BaseAttestationField",
  "definitions": {
    "baseAttestationField": {
      "title": "BaseAttestationField",
      "type": "object",
      "properties": {
        "state": {
          "type": "string",
          "description": "field state (draft, submitted, attested, invalid)"
        },
        "signature": {
          "type": "string",
          "description": "digital signature after attestation. Contains attested data, attestorInfo and verification details"
        }
      }
    }
  }
}