{
	"$schema": "http://json-schema.org/draft-07/schema",
	"type": "object",
	"properties": {
	  "Employee": {
		"$ref": "#/definitions/Employee"
	  }
	},
	"required": [
	  "Employee"
	],
	"title":"Employee",
	"definitions": {
	  "Employee": {
		"$id": "#/properties/Employee",
		"type": "object",
		"title": "The Employee Schema",
		"required": [
  
		],
		"properties": {
		  "identityDetails": {
			"$ref": "Common.json/#/definitions/IdentityDetails"
		  },
		  "contactDetails": {
			"$ref": "Common.json/#/definitions/ContactDetails"
		  },
		  "experience": {
			"type": "array",
			"items": {
			  "$ref": "Common.json/#/definitions/ExperienceType"
			},
			"title": "Professional Experience"
		  }
		}
	  }
	},
	"_osConfig": {
	  "osComment": ["This section contains the OpenSABER specific configuration information",
		"privateFields: Optional; list of field names to be encrypted and stored in database",
		"signedFields: Optional; list of field names that must be pre-signed",
		"indexFields: Optional; list of field names used for creating index. Enclose within braces to indicate it is a composite index. In this definition, (serialNum, studentCode) is a composite index and studentName is a single column index.",
		"uniqueIndexFields: Optional; list of field names used for creating unique index. Field names must be different from index field name",
		"systemFields: Optional; list of fields names used for system standard information like created, updated timestamps and userid"],
  
	  "privateFields": [
		"$.contactDetails.email",
		"$.contactDetails.mobile"
	  ],
	  "indexFields": [],
	  "uniqueIndexFields": ["$.identityDetails.empId"],
	  "systemFields": [
		"osCreatedAt",
		"osUpdatedAt",
		"osCreatedBy",
		"osUpdatedBy"
	  ],
	  "attestationPolicies": [
		{
		  "name": "employeeExperience",
		  "attestationProperties": {
			"name": "$.identityDetails.fullName",
			"experience": "$.experience"
		  },
		  "credentialTemplate": {
            "@context": [
              "https://www.w3.org/2018/credentials/v1",
              {
                "@version": 1.1,
                "@protected": true,
                "SkillCertificate": {
                  "@id": "https://github.com/sunbird-specs/vc-specs#SkillCertificate",
                  "@context": {
                    "id": "@id",
                    "@version": 1.1,
                    "@protected": true,
                    "skills": "schema:Text"
                  }
                },
                "Person": {
                  "@id": "https://github.com/sunbird-specs/vc-specs#Person",
                  "@context": {
                    "name": "schema:Text"
                  }
                },
                "trainedOn": {
                  "@id": "https://github.com/sunbird-specs/vc-specs#trainedOn",
                  "@context": {
                    "name": "schema:Text"
                  }
                }
              }
            ],
            "type": ["VerifiableCredential"],
            "issuanceDate": "2021-08-27T10:57:57.237Z",
            "credentialSubject": {
              "type": "Person",
              "name": "{{name}}",
              "trainedOn": "{{experience.[0]}}"
            },
            "issuer": "did:web:sunbirdrc.dev/vc/skill"
          },
		  "type": "MANUAL",
		  "conditions": "(ATTESTOR#$.department.[*].departmentOSID#.contains(REQUESTER#$.experience.*.departmentOSID#))",
		  "attestorPlugin": "did:internal:ClaimPluginActor?entity=Manager"
		}
	  ],
	  "certificateTemplates": {
        "svg": "https://raw.githubusercontent.com/aniket-aditya/sunbird-rc/main/Certificate-Experience.svg"
      },
	  "inviteRoles":["anonymous"],
	  "roles": ["Manager"],
	  "ownershipAttributes": [
		{
		  "email": "/contactDetails/email",
		  "mobile": "/contactDetails/mobile",
		  "userId": "/contactDetails/email"
		}
	  ]
	}
  }